order_id,order_date,amount,product_id
1,2024-01-05,1200.00,101
2,2024-01-12,850.50,102
3,2024-01-18,430.00,103
4,2024-01-25,1600.75,101
5,2024-02-02,990.00,104
6,2024-02-09,1150.25,102
7,2024-02-15,700.00,105
8,2024-02-21,1320.40,101
9,2024-02-27,560.60,103
10,2024-03-03,2100.00,106
11,2024-03-10,1740.30,102
12,2024-03-17,980.00,104
13,2024-03-24,1290.90,101
14,2024-03-30,610.00,105
15,2024-04-04,1450.00,103
16,2024-04-11,875.20,102
17,2024-04-19,1980.00,106
18,2024-04-26,1105.60,101
19,2024-05-01,2340.00,104
20,2024-05-08,1670.00,102
21,2024-05-14,920.75,105
22,2024-05-22,1580.30,101
23,2024-05-29,NULL,103
24,2024-06-03,2510.00,106
25,2024-06-10,1890.40,102
26,2024-06-17,1120.00,104
27,2024-06-24,1750.90,101
28,2024-06-28,640.00,105
